"Sun";"Apr";"07";"15:10:41";"CEST";"2019";"toutelesrumeurs";"0";"true";"RT";"@kikiblain_off:";"Avant";"de";"comm√©morer";"g√©nocide";"du";"Rwanda";"serait";"bien";"de";"comm√©morer";"g√©nocide";"Vend√©en.";"@EmmanuelMacron";"t'es";"vraimen‚Ä¶"
"Sun";"Apr";"07";"15:10:40";"CEST";"2019";"yactusfrance";"0";"false";"Dans";"une";"tribune,";"des";"cin√©astes";"demandent";"√†";"Macron";"de";"pr√©server";"l‚Äôexception";"culturelle";"fran√ßaise";"https://t.co/SpzSwgJpji"
"Sun";"Apr";"07";"15:10:39";"CEST";"2019";"InsolentJeff";"0";"true";"RT";"@MaximeThiebaut:";"Heureusement";"que";"ridicule";"ne";"tue";"pas.";"Quelle";"humiliation";"pour";"Macron.";"#FoulardsRouges";"https://t.co/wjxeY4ua4i"
"Sun";"Apr";"07";"15:10:34";"CEST";"2019";"Phil_ThibaultAF";"0";"true";"RT";"@ladepechedumidi:";"Cantine";"√†";"euro";"et";"petit-d√©jeuner";"gratuit";"bient√¥t";"test√©";"dans";"acad√©mies";"de";"#Toulouse";"et";"#Montpellier";"#education";"#‚Ä¶"
"Sun";"Apr";"07";"15:10:33";"CEST";"2019";"yarvic";"0";"false";"Si";"gilets";"jaunes";"ne";"sont";"pas";"peuple,";"50";"#foulardsrouges";"repr√©sentent";"qui";"franchement";"?C'est";"la";"base";"de";"Macron";"?";"Ils";"sont";"plus";"nombreux";"pour";"insulter";"et";"menacer";"sur";"r√©seaux";"sociaux.";"ü§£";"https://t.co/NOKDoVMKbH"
"Sun";"Apr";"07";"15:10:31";"CEST";"2019";"PlaiedEgypte";"0";"true";"RT";"@f_philippot:";"Macron";"humili√©.";"#FoulardsRouges";"https://t.co/vGn3jDCGu5"
"Sun";"Apr";"07";"15:10:31";"CEST";"2019";"alexis_tarrade";"0";"true";"RT";"@BrunoRetailleau:";"L'op√©ration";"Macron";"n'a";"pas";"fonctionn√©";"sur";"LR";":";"la";"droite";"bouge";"encore.‚û°Ô∏è";"Il";"faut";"maintenant";"qu'on";"puisse";"se";"reconstru‚Ä¶"
"Sun";"Apr";"07";"15:10:30";"CEST";"2019";"colschel";"0";"true";"RT";"@EnModeMacaron:";"Selon";"magazine";"allemand";"Bild,";"salaire";"de";"Jean-Claude";"Juncker";"va";"augmenter...";"Il";"va";"maintenant";"toucher";"31.272";"euros‚Ä¶"
"Sun";"Apr";"07";"15:10:28";"CEST";"2019";"Dglingo1";"0";"false";"@LeBobophobe";"-Check";"!";"-Vs";"recevez";"?!";"-Ou";"sont";"bus";"macron";"bordel";"??";"ü§™";"https://t.co/DUO0jteLs0"
"Sun";"Apr";"07";"15:10:26";"CEST";"2019";"Rodriguezchelo5";"0";"true";"RT";"@J0sephch:";"üõëNos";"libert√©s";"publiques";"sont";"menac√©es";"!";"Macron";"invente";"d√©lit";"d'opinion‚ö°#GiletsJaunes";"parqu√©s,";"interdits";"de";"sortir:Donc‚Ä¶"
"Sun";"Apr";"07";"15:10:24";"CEST";"2019";"AgatheNRV";"0";"true";"RT";"@acrimed_info:";"Les";"m√©dias";"dominants";"co-construisent";"la";"dramaturgie";"d‚Äôune";"√©lection";"qui";"opposerait";"Macron";"√†";"Le";"Pen.";"Un";"¬´match¬ª";"entre";"¬´popu‚Ä¶"
"Sun";"Apr";"07";"15:10:23";"CEST";"2019";"patrick00054344";"0";"true";"RT";"@RTenfrancais:";"¬´La";"seule";"organisation";"qui";"s‚Äôessouffle";"actuellement,";"c‚Äôest";"gouvernement";"du";"pr√©sident";"#Macron¬ª#Giletsjaunes";"#Acte21";"@‚Ä¶"
"Sun";"Apr";"07";"15:10:23";"CEST";"2019";"raoulkelkan";"0";"false";"@Conan07310915";"@TeamProgressist";"@SoniaBEKO";"@EmmanuelMacron";"Cette";"femme";"a";"parfaitement";"raison.";"La";"France";"est";"class√©e";"33eme";"pour";"la";"libert√©";"de";"la";"presse";".";"On";"peut";"toujours";"se";"comparer";"√†";"la";"Cor√©e";"du";"Nord";"comme";"fait";"#macron";"pour";"l'embrouiller,";"mais";"outre";"fait";"que";"c'est";"indigne,";"classement";"va";"encore";"se";"degrader";"avec";"Macron";"https://t.co/CiQCLSb2EY"
"Sun";"Apr";"07";"15:10:23";"CEST";"2019";"InsolentJeff";"0";"true";"RT";"@KiriJeankiri:";"Il";"a";"25";"#foulardsrouges";"qui";"d√©filent";"criant";"#stopgiletsjaunes";"du";"c√¥t√©";"de";"la";"#Bastille.Les";"25";"√©narques";"de";"la";"promoti‚Ä¶"
"Sun";"Apr";"07";"15:10:22";"CEST";"2019";"AlBalbuzard";"0";"false";"#macron";"#lrem";"#gouvernement";"=";"aristocratie";"au";"pouvoir";"(kratos),";"se";"croyant";"la";"meilleure";"(aristos).#RIC";"pour";"d√©battre,";"#votersanselire";"et";"d√©cider";"nous-m√™mes,";"√†";"√©galit√©,";"des";"lois";"et";"budgets";"que";"voulons.#fiscalite#democratie#GiletsJaunes";"https://t.co/4gp9Cso2Xi"
"Sun";"Apr";"07";"15:10:21";"CEST";"2019";"krebs_claire";"0";"true";"RT";"@EnModeMacaron:";"C‚ÄôEST";"POUR";"BIENT√îTüî¥PERSONNE";"N‚ÄôEN";"PARLELe";"Canard";"apprend";"que";"commissaire";"europ√©en";"√†";"l‚Äô√âconomie";"Moscovici";"va";"b‚Ä¶"
"Sun";"Apr";"07";"15:10:21";"CEST";"2019";"cascajade";"0";"true";"RT";"@COSTESLionelEr:";"Cette";"s√©quence";"de";"d√©mocratie";"directe,";"dans";"mairies";"comme";"dans";"√©changes";"r√©gionaux";"avec";"@EmmanuelMacron,";"a";"encor‚Ä¶"
"Sun";"Apr";"07";"15:10:16";"CEST";"2019";"LouhiMalek";"0";"true";"RT";"@ybenderbal:";"Tu";"descends";"dans";"la";"ruepour";"exprimer";"ta";"col√®re,t'es";"complice";"des";"casseurs...Tu";"sauves";"des";"√™tres";"humainsavant";"qu'ils";"ne‚Ä¶"
"Sun";"Apr";"07";"15:10:14";"CEST";"2019";"zefrenchy";"0";"false";"Je";"ne";"suis";"pas";"candidat";"et";"n‚Äôai";"rien";"√†";"vendre,";"regardez";"qui";"";"craignent";"et";"sur";"qui";"tapent";"√†";"longueur";"de";"journ√©e";"et";"";"comprendrez";"de";"qui";"ont";"vraiment";"peur.";"https://t.co/0q9pdsaddv";"#GiletsJaunes";"#Europeennes2019"
"Sun";"Apr";"07";"15:10:14";"CEST";"2019";"Francky5591";"0";"true";"RT";"@FranceInsoumise:";"¬´";"Si";"fran√ßais";"n‚Äôont";"pas";"voulu";"participer";"au";"grand";"d√©bat,";"n‚Äôest";"pas";"parce";"qu‚Äôils";"n‚Äôont";"rien";"√†";"dire";"ou";"qu‚Äôils";"n‚Äôo‚Ä¶"
"Sun";"Apr";"07";"15:10:14";"CEST";"2019";"smokonzewater";"0";"true";"RT";"@tropical_boy:";"#ONPC";"#France2";"#Ruquier";"üì∫";"";"Cool";"!";"Ismael";"va";"s√ªrement";"raconter";"une";"chtite";"anecdote";"amusante";"au";"sujet";"de";"sa";"p√©riode‚Ä¶"
"Sun";"Apr";"07";"15:10:13";"CEST";"2019";"Tianao08";"0";"false";"@DianeDelavallee";"@LinePress";"Je";"suis";"d√©sol√©e";"mais,";"suis";"ni";"rouge";"encore";"pas";"du";"tout";"une";"jaune";"mais";"suis";"juste";"une";"citoyene";"";"";"";"";"";"";"";",et";"n'ai";"jamais";"vot√©,";"mais,";"apr√®s";"17";"novembre";"2018";",";"Macron";"a";"gagn√©";"une";"voix,";"doute";"que";"sois";"l√†";"seule.";"D√©sormais,";"j'ai";"h√¢te";"de";"";"voter"
"Sun";"Apr";"07";"15:10:12";"CEST";"2019";"languenoire";"0";"true";"RT";"@jelaipa:";"Le";"patriotisme";"macronien";"vient";"de";"prendre";"une";"tournure";"inqui√©tante";"https://t.co/CLN0G1gpdK";"via";"@slatefr"
"Sun";"Apr";"07";"15:10:11";"CEST";"2019";"boulle_eric";"0";"false";"@jeangarr78";"@franceinfo";"Ne";"cachez";"plus";"Monsieur";"Garrigues";"√™tes";"soutien";"ind√©fectible";"du";"clan";"Macron";"allez";"ai";"bout";"dire";"sur";"toutes";"cha√Ænes";"ou";"passez!";"De";"la";"clart√©!"
"Sun";"Apr";"07";"15:10:11";"CEST";"2019";"Massifarmoricai";"0";"true";"RT";"@AntenneJaune:";"Bonjour";"Monsieur";"Castaner,";"est-ce";"l√©gal";"?";"(images";"du";"16/03)#ActeXXI";"#Paris";"#GiletsJaunes";"#YellowVests";"#Macron";"https://t.‚Ä¶"
"Sun";"Apr";"07";"15:10:09";"CEST";"2019";"JeanKhul2017";"0";"true";"RT";"@Armelledu071:";"Grand";"succes";"des";"#foulardsrouges";"";"jour";"pour";"sauver";"soldat";"macron";"https://t.co/mX0KVbcshU"
"Sun";"Apr";"07";"15:10:07";"CEST";"2019";"StopLeftistHate";"0";"false";"#Frexit";"Votez";"maintenant.";"Emmanuel";"Macron";"d√©ment";"Fran√ßais";"du";"vote";"Frexit.";"https://t.co/9sK2eaCL5Y"
"Sun";"Apr";"07";"15:10:05";"CEST";"2019";"KolatG";"0";"true";"RT";"@EnModeMacaron:";"C‚ÄôEST";"POUR";"BIENT√îTüî¥PERSONNE";"N‚ÄôEN";"PARLELe";"Canard";"apprend";"que";"commissaire";"europ√©en";"√†";"l‚Äô√âconomie";"Moscovici";"va";"b‚Ä¶"
"Sun";"Apr";"07";"15:10:05";"CEST";"2019";"Serrez_A_Droite";"0";"false";"üåê";"Sollicit√©";"pour";"soutenir";"la";"campagne";"aux";"#Europ√©ennes2019";"de";"la";"liste";"#LR,";"Nicolas";"Sarkozy";"attend";"encore";"l'invitation";"de";"Laurent";"Wauquiez.¬†Je";"aime,";"a";"assur√©";"l'ancien";"pr√©sident";"√†";"des";"d√©put√©s";"LR";"f√¢ch√©s";"de";"sa";"proximit√©";"avec";"#Macronhttps://t.co/3otouNvCV4"
"Sun";"Apr";"07";"15:10:02";"CEST";"2019";"Hibiscus5";"0";"true";"RT";"@Conan07310915:";"Quel";"Pr√©sident";"de";"Merde";"!!";"Cantine";"√†";"1";"euro.";"M.";"MACRON";"L'a";"fait.";"https://t.co/mSyvJThxF3"
"Sun";"Apr";"07";"15:10:00";"CEST";"2019";"GgoncalvesC";"0";"false";"@alancelin";"√áa";"rappelle";"quelque";"chose...";"Quand";"M√©lenchon";"s'√©crase";"devant";"Macron";"!";"https://t.co/z3ZZy1ZkIN"
"Sun";"Apr";"07";"15:10:00";"CEST";"2019";"maxn002";"0";"true";"RT";"@Stef_Burlot:";"Les";"Fake";"news";"c'est";"probl√®me";"monstrueux";"dit";"mec";"qui";"a";"traffiqu√©";"une";"vid√©o";"vol√©e";"pour";"disculper";"#BENALLA";"et";"qui";"l'a‚Ä¶"
"Sun";"Apr";"07";"15:10:00";"CEST";"2019";"BioSVP";"0";"true";"RT";"@EnModeMacaron:";"Juncker";"a";"touch√©";"plus";"de";"1.500.000";"euros";"de";"r√©mun√©ration";"tant";"que";"pr√©sident";"de";"la";"Commission";"europ√©enne...Financ√©";"p‚Ä¶"
"Sun";"Apr";"07";"15:09:58";"CEST";"2019";"globalspectator";"0";"true";"RT";"@therednet72:";"Europe";"must";"abandon";"these";"foolish";"Brussels";"treaties";"|";"Jean-Luc";"M√©lenchon";"https://t.co/Z8FxIA53ff"
"Sun";"Apr";"07";"15:09:58";"CEST";"2019";"JeanKhul2017";"0";"true";"RT";"@Plagiste4you:";"50";"personnes";"pour";"d√©fendre";"la";"R√©publique";"selon";"Macron#FoulardsRouges";"https://t.co/TUPDRk7kft"
"Sun";"Apr";"07";"15:09:58";"CEST";"2019";"hogwxrts";"0";"true";"RT";"@ALeaument:";"√ânorme";"mensonge";"de";"@GabrielAttal";"!";"Sur";"#glyphosate,";"la";"France";"n‚Äôa";"pas";"obtenu";"l‚Äôinterdiction";"dans";"5";"ans.Il";"aura";"seul‚Ä¶"
"Sun";"Apr";"07";"15:09:56";"CEST";"2019";"BaronLaurie2";"0";"true";"RT";"@EnModeMacaron:";"C‚ÄôEST";"POUR";"BIENT√îTüî¥PERSONNE";"N‚ÄôEN";"PARLELe";"Canard";"apprend";"que";"commissaire";"europ√©en";"√†";"l‚Äô√âconomie";"Moscovici";"va";"b‚Ä¶"
"Sun";"Apr";"07";"15:09:56";"CEST";"2019";"Marie62246404";"0";"false";"TRES";"INTERESSANT";"L‚Äôobsession";"de";"Macron";"a";"toujours";"√©t√©";"la";"privatisation";"-";"Juan";"Branco";"ch...";"https://t.co/hqfVv7nwzH";"via";"@YouTube"
"Sun";"Apr";"07";"15:09:52";"CEST";"2019";"mauricet89";"0";"false";"@RTenfrancais";"-Les";"r√©sultats";"du";"grand";"et";"couteux";"d√©bat,";"programme";"de";"r√©forme";"que";"propose";"Macron";"depuis";"son";"√©lection";"2017";"mais";"r√©";"expliqu√©.";"-C'est";"la";"p√©dagogie";"Macronienne"
"Sun";"Apr";"07";"15:09:52";"CEST";"2019";"francislagace";"0";"true";"RT";"@_miss_ives_:";"H√©";"ben";"50";"personne";"c'est";"quand";"m√™me";"une";"majorit√©.";"Si";"ya";"que";"ces";"50";"personnes";"qui";"vont";"voter,";"h√©";"ben";"macron";"est";"√©lu";"√†";"une";"l‚Ä¶"
"Sun";"Apr";"07";"15:09:51";"CEST";"2019";"domiboop1";"0";"true";"RT";"@CoxiTerrienne:";"Il";"serait";"temps";"que";"#stopgiletjaunes";"arr√™tent";"de";"se";"regarder";"nombrilcar";"moment";"des";"gens";"perdent";"emplo‚Ä¶"
"Sun";"Apr";"07";"15:09:51";"CEST";"2019";"brafiski";"0";"true";"RT";"@gaspardOOO:";"Son";"¬´¬†Macron";"encul√©¬†¬ª";"fume";"üò≠üò≠";"https://t.co/bFMR9tchY2"
"Sun";"Apr";"07";"15:09:51";"CEST";"2019";"AlbertDULAC";"0";"true";"RT";"@YvesPDB:";"Sondage";"exclusif";"-";"La";"cote";"de";"confiance";"de";"Macron";"rechute";"apr√®s";"trois";"mois";"de";"hausse";"|";"Les";"Echos";"https://t.co/oBtDVEnn2V"
"Sun";"Apr";"07";"15:09:49";"CEST";"2019";"nrouillon";"0";"false";"Article";"pr√©-elections....En";"cherchant";"√†";"√©liminer";"Fillon";"avec";"instrument";"contr√¥l√©";"par";"l‚ÄôEtat,";"";"nos";"apprentis";"sorciers";"se";"sont-ils";"rendus";"compte";"que";"man≈ìuvre,";"si";"";"r√©ussit,";"aura";"pour";"cons√©quence";"de";"rendre";"futur";"pr√©sident";"Macron";"";"ill√©gitime.";"https://t.co/FtcmOLz0TH"
"Sun";"Apr";"07";"15:09:47";"CEST";"2019";"niyogilbert1";"0";"true";"RT";"@UrgentF24:";"üî¥";"URGENT";"-";"Rwanda";":";"pr√©sident";"fran√ßais";"Emmanuel";"Macron";"veut";"faire";"du";"7¬†avril";"une";"journ√©e";"de";"comm√©moration";"du";"g√©nocide";"de‚Ä¶"
"Sun";"Apr";"07";"15:09:45";"CEST";"2019";"NaDya24359577";"0";"false";"@YahooActuFR";"Macron";"et";"Loiseau";"#renaissance";"#enmarche";"peuvent";"compter";"sur";"ces";"60";"bulletins";"de";"vote";"....ah";"ah";"ah";",";"n'ont";"m√™me";"pas";"hontes";"......La";"loi";"liberticide";"de";"Ma√ßron";"doit";"√™tre";"la";"m√™me";"pour";"micro";"groupe";"..."
"Sun";"Apr";"07";"15:09:44";"CEST";"2019";"caumelodie";"0";"true";"RT";"@KorokoD:";"La";"t√™te,";"on";"dirait";"pas";"Macron";"?";"https://t.co/MKghijzkZR"
"Sun";"Apr";"07";"15:09:43";"CEST";"2019";"FourmontAxel";"0";"true";"RT";"@KorokoD:";"La";"t√™te,";"on";"dirait";"pas";"Macron";"?";"https://t.co/MKghijzkZR"
"Sun";"Apr";"07";"15:09:41";"CEST";"2019";"JeanKhul2017";"0";"true";"RT";"@Europhobe:";"60";"#FoulardsRouges...";"Un";"v√©ritable";"fiasco.";"Il";"faut";"vraiment";"√™tre";"motiv√©";"pour";"soutenir";"#Macron.https://t.co/K1qleb5KCP"
"Sun";"Apr";"07";"15:09:40";"CEST";"2019";"laurence_lac";"0";"true";"RT";"@MauvaisCoton:";"Sur";"France";"Info";"TV,";"Claire";"Chazal";"peine";"√†";"emp√™cher";"Charles";"Dantzig";"de";"dire";"du";"mal";"de";"Macron";":";"C'est";"pr√©sident";"qui";"s'e‚Ä¶"
"Sun";"Apr";"07";"15:09:36";"CEST";"2019";"earlchamignon";"0";"true";"RT";"@Aramisunchained:";"Renaud";"annonce";"qu‚Äôil";"votera";"pour";"Emmanuel";"Macron.Comme";"Cohn-Bendit,";"ces";"r√©volutionnaires";"carton";"qui";"finissent";"leu‚Ä¶"
"Sun";"Apr";"07";"15:09:31";"CEST";"2019";"elleminione1";"0";"true";"RT";"@Jaime_PasTrop:";"Macron";"humili√©.";"#FoulardsRouges";"https://t.co/Qv69rA5bCJ";"-->";"jaime";"pas";"qu'il";"dit"
"Sun";"Apr";"07";"15:09:31";"CEST";"2019";"Alexandre_Clv";"0";"true";"RT";"@gaspardOOO:";"Son";"¬´¬†Macron";"encul√©¬†¬ª";"fume";"üò≠üò≠";"https://t.co/bFMR9tchY2"
"Sun";"Apr";"07";"15:09:29";"CEST";"2019";"soysaucesugar";"0";"true";"RT";"@LeMediaTV:";"FRAN√áOIS";"BOULO";"D√âMONTE";"LE";"GRAND";"D√âBAT";"!";"Ne";"demandez";"pas";"√†";"Fran√ßois";"Boulo";"qu'il";"pense";"du";"Grand";"d√©bat";"de";"Macron,";"proc√©de‚Ä¶"
"Sun";"Apr";"07";"15:09:28";"CEST";"2019";"FOXLA23";"0";"true";"RT";"@dragonduclos:";"JDD";":";"apr√®s";"deux";"mois";"de";"hausse";"cons√©cutive,";"Emmanuel";"Macron";"a";"stabilis√©";"mars";"sa";"popularit√©";"√†";"30%,";"selon";"notre";"moyenn‚Ä¶"
"Sun";"Apr";"07";"15:09:27";"CEST";"2019";"batteuxriggs";"0";"true";"RT";"@KorokoD:";"La";"t√™te,";"on";"dirait";"pas";"Macron";"?";"https://t.co/MKghijzkZR"
"Sun";"Apr";"07";"15:09:27";"CEST";"2019";"PoussiG";"0";"true";"RT";"@infogiletjaune:";"‚ö°Ô∏è‚ö°Ô∏è‚ö°Ô∏è‚ö°Ô∏è‚ö°Ô∏è‚ö°Ô∏è‚ö°Ô∏è‚ö°Ô∏è‚ö°Ô∏è‚ö°Ô∏è‚ö°Ô∏è‚ö°Ô∏è‚ö°Ô∏è";"La";"strat√©gie";"de";"Macron";"s‚Äôessouffle";"compl√®tement";"!";"Des";"milliers";"de";"gilets";"jaunes";"sont";"toujour‚Ä¶"
"Sun";"Apr";"07";"15:09:27";"CEST";"2019";"Fdbfrancois";"0";"true";"RT";"@MaximeThiebaut:";"Heureusement";"que";"ridicule";"ne";"tue";"pas.";"Quelle";"humiliation";"pour";"Macron.";"#FoulardsRouges";"https://t.co/wjxeY4ua4i"
"Sun";"Apr";"07";"15:09:26";"CEST";"2019";"laudmy";"0";"true";"RT";"@KorokoD:";"La";"t√™te,";"on";"dirait";"pas";"Macron";"?";"https://t.co/MKghijzkZR"
"Sun";"Apr";"07";"15:09:26";"CEST";"2019";"jossBath798";"0";"true";"RT";"@dalhem_s:";"Le";"hashtag";"#StopGiletJaunes";"semble";"surr√©aliste..C";"1";"truc";"du";"genre";":";"fermez";"votre";"gueule";"pauvres";"on";"a";"marre";"de";"vs";"e‚Ä¶"
"Sun";"Apr";"07";"15:09:23";"CEST";"2019";"mire2408xx";"0";"true";"RT";"@EnModeMacaron:";"C‚ÄôEST";"POUR";"BIENT√îTüî¥PERSONNE";"N‚ÄôEN";"PARLELe";"Canard";"apprend";"que";"commissaire";"europ√©en";"√†";"l‚Äô√âconomie";"Moscovici";"va";"b‚Ä¶"
"Sun";"Apr";"07";"15:09:23";"CEST";"2019";"MonaLis10384908";"0";"true";"RT";"@sandrafellous_:";"#Macron";"va";"supprimer";"des";"niches";"fiscales.";"En";"deux";"mots,";"va";"augmenter";"l‚Äôimp√¥t.";"Il";"continue";"√†";"se";"moquer";"de";"notre";"poire‚Ä¶"
"Sun";"Apr";"07";"15:09:20";"CEST";"2019";"JM_Matras";"0";"true";"RT";"@FranceInsoumise:";"Je";"ai";"apport√©";"ch√®que,";"c'est";"celui";"de";"l'Europe";"des";"riches.";"C'est";"celui";"qu'√†";"fait";"Emmanuel";"Macron";"au";"1%";"plu‚Ä¶"
"Sun";"Apr";"07";"15:09:19";"CEST";"2019";"bernardmasson07";"0";"true";"RT";"@lapin47:";"Petite";"vid√©o";"d'√©poque";"qui";"rappelle";"aux";"macroniens";"et";"√†";"tous";"que";"NON";"fran√ßais";"n'ont";"absolument";"pas";"approuv√©";"programme";"de‚Ä¶"
"Sun";"Apr";"07";"15:09:19";"CEST";"2019";"LoudL";"0";"true";"RT";"@ortaram:";"Castaner,";"Macron";"doivent";"r√©pondre";"de";"leurs";"actes";"devant";"la";"justice";"https://t.co/zAGV99Pd9B";"via";"@mesopinions_com"
"Sun";"Apr";"07";"15:09:10";"CEST";"2019";"ThierryGallet3";"0";"true";"RT";"@ThierryGallet3:";"@Taz42pm";"Oui,";"s√ªrement";"!";"";"";"Belloubet,";"macron";"et";"toute";"la";"clique";"prot√®gent";"fraudeurs";"et";"fraudeuses";"";"";"France";"!‚Ä¶"
"Sun";"Apr";"07";"15:09:07";"CEST";"2019";"RennaneRenna";"0";"true";"RT";"@ChristophePretr:";"Quelle";"sant√©";"üòÇüòá";"!Marine";"Le";"Pen";"accuse";"Emmanuel";"Macron";"de";"vouloir";"sauter";"europ√©ennes";"https://t.co/pJpD4r52B2"
"Sun";"Apr";"07";"15:09:06";"CEST";"2019";"delaunay373";"0";"false";"@meri_philip";"@cassier_aurelie";"Et";"Mr";"macron";"doit";"combien";"au";"parlement";"europ√©en"
"Sun";"Apr";"07";"15:09:06";"CEST";"2019";"LoudL";"0";"true";"RT";"@Callystor:";"Encore";"bide";"intergalactique";"des";"#FoulardsRouges:environ";"60";"personnes";"√†";"#Paris";"place";"de";"la";"#Bastille.Face";"aux";"#GiletsJau‚Ä¶"
"Sun";"Apr";"07";"15:09:04";"CEST";"2019";"MrMignotLaurent";"0";"true";"RT";"@Stef_Burlot:";"All√¥";"Macron";"?";"Les";"fran√ßais";"parlent.";"https://t.co/4vKOtd5Vyd"
"Sun";"Apr";"07";"15:09:04";"CEST";"2019";"juillet71";"0";"true";"RT";"@RoseCtMinds:";"Acte";"XXI";"√†";"NANTES";"Des";"enfants";"gaz√©s";"dans";"man√®ges";"Le";"r√©gime";"macroniste";"ose";"faire";"croire";"que";"fascisme";"c'est";"aut‚Ä¶"
"Sun";"Apr";"07";"15:09:04";"CEST";"2019";"JeanLuc03150162";"0";"true";"RT";"@womandream:";"1";"des";"raisons";"pour";"laquelle";"";"#Macron";"a";"supprim√©";"";"#ISF";":";"2016,";"FISC";"demande";"de";"rectifier";"ses";"d√©clarations";"2013,201‚Ä¶"
"Sun";"Apr";"07";"15:09:03";"CEST";"2019";"Kristieperles";"0";"true";"RT";"@dObernai:";"L'aide";"de";"l'Etat";"est";"de";"2";"euros,";"familles";"paient";"1";"euro,";"reste";"incombe";"aux";"communes,";"auxquelles";"Macron";"demande";"10";"mill‚Ä¶"
"Sun";"Apr";"07";"15:08:58";"CEST";"2019";"pichon79411741";"0";"false";"@Dalmas75849559";"@laffont9";"racole";"grave";"LFI";"et";"FN";"se";"partagent";"suppositoires";"jaunes";",√ßa";"d√©lire";",√ßa";"se";"fait";"des";"films";",ils";"ont";"cru";"au";"d√©but";"qu'ils";"allaient";"pouvoir";"renverser";"Macron";"pour";"des";"√©lections";"et";"piquer";"la";"place";",ils";"√©taient";"pr√®s";"√†";"se";"battre";"FN";"et";"LFI";"pour";"avoir";"pouvoir";"pourris";"https://t.co/Uf4d5c55zg"
"Sun";"Apr";"07";"15:08:57";"CEST";"2019";"JM_Matras";"0";"true";"RT";"@MathildePanot:";"Bravo";"√†";"@ManonAubryFr";"pour";"cette";"conclusion";"qui";"remet";"dans";"l‚Äôordre";"des";"choses";"v√©ritable";"enjeu";"du";"scrutin";"europ√©en";"√†";"v‚Ä¶"
"Sun";"Apr";"07";"15:08:56";"CEST";"2019";"jeanpietron";"0";"false";"@adia66";"@MatthieuGariel";"@enmarchefr";"Les";"g√©nies";"du";"mal";"arriv√©s";"par";"d√©faut";"et";"par";"illusion";"sur";"m√©andres";"de";"la";"trahison.";"Esp√®ce";"d'ant√©christ";"politique";"profitant";"de";"la";"d√©ch√©ance";"d'hommes";"entrain√©s";"par";"la";"d√©ferlante";"n√©olib√©rale.Un";"retour";"aux";"pires";"ann√©es";"de";"d√©clin";"social.Macron";"d√©sastre"
"Sun";"Apr";"07";"15:08:54";"CEST";"2019";"Naimaa38197850";"0";"true";"RT";"@ALeaument:";"√ânorme";"mensonge";"de";"@GabrielAttal";"!";"Sur";"#glyphosate,";"la";"France";"n‚Äôa";"pas";"obtenu";"l‚Äôinterdiction";"dans";"5";"ans.Il";"aura";"seul‚Ä¶"
